,bad_word,frequency
0,مهبول,1
1,جايح,8
2,زبل,3
3,خرية,3
4,الله يلعنك,2
5,بلع فمك,2
6,متخلف,1
7,بغل,8
8,مسطاشة,1
9,حمارة,3
10,عطايا,1
11,حيوان,3
12,وي السلعة,1
13,نقتلك,7
14,تافه,2
15,قود,8
16,رخيس,9
17,حمار,11
18,تفو,3
19,عاقر,1
20,بلعه,1
21,مال ربك,1
22,سمينة,1
23,خرا,3
24,نيك امك,2
25,نيك مك,3
26,قهوي,2
27,يا الكعبة,1
28,كعبة,2
29,كافي,4
30,هايشة,2
31,ساقطة,1
32,معفون,1
33,يا الزح,1
34,متعرف والوا,1
35,معقد,1
36,كلب,6
37,بغلة,2
38,خماج,5
39,خامج,3
40,ينعل والديك,2
41,موسخ,3
42,رخيص,1
43,قحبة,10
44,حابس,4
45,نحيلك سروال,1
46,نيك اختك,1
47,زبي,2
48,اخرجلي طابي,1
49,شماتة,2
50,ڨليط,2
51,بلعيه,1
52,نت متفهمش,1
53,نحرقك,3
54,مقطعة,2
55,جايحة,2
56,قودي,2
57,ليك غير القمع,1
58,خامجة,4
59,انت دير هادي,1
60,طحان,2
61,فرخ,4
62,مشحاح,1
63,نقش,5
64,قحابجي,1
65,فايحة,2
66,عطاي,6
67,بومبا,1
68,بلع,1
69,يا ولد القحبة,1
70,بهلول,4
71,منغولي,1
72,ديوث,2
73,كلبة,2
74,ايكستارن حقير,1
75,قليط,4
76,نقطعك,2
77,نذبحك,3
78,ينعل بوك,1
79,حايرة,1
80,دايرة كيزبي,1
81,نجي نتفاهم معاك,1
82,سوسيالة,2
83,شاهي لاتاي تاعك,1
84,راضي,1
85,غادي نيكك,1
86,كبول,2
87,ترمة,1
88,يا سي زبي,1
89,بوصبع,1
90,مونڨول,1
91,الحبة,1
92,مك,2
93,طويل بلا خصلة,1
94,في سرية تامة,1
95,مجلخ,1
96,مرنكة,1
97,قرد,1
98,نعلدين بوك,1
99,تموت على يدي,1
100,نعدين باباك,1
101,عريضة,1
102,مبعر,1
103,فرويتي,2
104,زواف,1
105,تفاش,1
106,قحب,1
107,نڨعد عليك,1
108,ملقطة,1
109,جبهتك سطاد,1
110,متسواش,1
111,مشي مربية,1
112,بلارج,1
113,سلوم ليشية,1
114,صوصيالة,1
115,نيفو با,1
116,شكامة,1
117,نفركعك,1
118,بوهالي,1
119,شينة,1
120,ولد القحبة,1
121,شكام,1
122,حلاب,1
123,درجتيني,1
124,نع دين نهارك,1
125,نعدين بوك,1
126,نيك ربك,1
127,نيكك,1
128,كرفة,2
129,عميق,2
130,عڨون,1
131,خانز,3
132,نقلعلك يماك,1
133,نفضحك,1
134,متشبه لوالو,1
135,ڨملة,1
136,تحشم,1
137,عريانة,1
138,لعور,1
139,عورة,2
140,غبي,1
141,البايرة,1
142,وجه الطاوة,1
143,وجهك كي الخر,1
144,تخورجي معايا,1
145,مسمومة,1
146,نيك سوة تاع مك,1
147,عليتيني,1
148,تدرج,1
149,تمنييك,1
150,فمك جلغة,1
151,يالمليح,1
152,العبلي بيه,1
153,مريول,1
154,معجون,1
155,شكم,1
156,بهيمة,1
157,ما تسواش,1
158,ينعل دينك,1
159,ينعل دين امك,1
160,ينعل دين ابوك,1
161,كافيا,1
162,ماشي شباب,1
163,حاجة فيك ماهي شابة,1
164,بايرة,2
165,العاقرة,1
166,عاهرة,2
167,عروبي,1
168,مشي ولد البلاد,1
169,ينعل طاسيلة تاعك,1
170,تربى,1
171,نكرهك,1
172,درجة,1
173,يعل,1
174,حرايمي,1
175,راس الدلاع,1
176,اعطينا نيكو,1
177,نكففلك,1
178,كز,1
179,ثكلتك امك,1
180,ولد القاف,1
181,ختك,1
182,حثالة,1
183,معوق,1
184,وي السلعا,1
185,نلحسهالك,1
186,ذري,1
187,106,2
188,نفركتلك الدار,1
189,نحكمك نهردك,1
190,قواد,1
191,تعلي,1
192,منحرف,1
193,بز,1
194,وليد الحرام,1
195,رباني,1
196,واش هاذ الماتريال,1
197,نيكلك يماك,1
198,ارواح نتقابضو,1
199,ن م,1
200,صامط,1
201,بينازة,1
202,عطيني نيميروك,1
203,طلابة,2
204,متشرد,1
205,صوصيالا,1
206,قاع كي داير نت,1
207,رهج,1
208,دنفة,1
209,نكتلك,1
210,حلوف,1
211,بابا عجينة,1
212,حتشون,1
213,قديم,1
214,صايي بزاف,1
215,عور,1
216,زيرو,1
217,مبلع,1
218,بف,1
219,فايحا,1
220,شادي,1
221,نكم,1
222,رخيسا,1
223,معتوهة,1
224,تبهديلي,1
225,مبعرة,1
226,شيتة,1
227,الشيتة,1
228,باعو,1
229,ترخف,1
230,تفوا,1
231,الشعر,1
232,ختفو,1
233,تفوو,1
234,ماتحشميش,1
235,شمطاء,1
236,فاجرة,1
237,يشويدي,1
238,صليب,2
239,قبيحة,1
240,ياهودية,1
241,نم,1
242,فاقو,3
243,ترباي,1
244,سوسيال,1
245,قيو,2
246,تکذبي,1
247,ميكروب,1
248,تكذبي,2
249,ريوڨ,1
250,التافهة,1
251,كذابة,2
252,رنكي,1
253,حمر,1
254,عقرب,1
255,مكبوتا,1
256,تعيي,1
257,يهودي,1
258,تنفخيهم,1
259,حالوفة,1
260,حاشاك,1
261,خر,1
262,جبهتك,1
263,اتربي,1
264,متحشميش,1
265,فاسدة,1
266,فاسقة,1
267,بلعي,1
268,طوبا,1
269,ممسوخة,1
270,قاعك,1
271,رخيسة,1
272,مرخس,1
273,متخلفة,1
274,السناطح,1
275,كسبي,1
276,كذبة,1
277,الخنز,1
278,كلاب,1
279,روحي,1
280,خشتفو,1
281,لابوبال,1
282,اعق,1
283,تفوه,1
284,بيتش,1
285,حمقاء,1
286,خري,1
287,خانزة,1
288,ياشيات,1
289,ترخفي,1
290,نقصة تريية,1
291,باختصار رخيصة,1
292,خامجة وفرات,1
293,يعطيهالك نشاله,1
294,مزلك تكذبي,1
295,باه يترباو,1
296,نحتشون يماك,1
297,دايرة كي,1
298,وقحة ساقطة,1
299,وجه صحيح,1
300,عيب عليك,1
301,تفوه رخيسة,1
302,كذابة بلعاطة,1
303,سوتك الخامجة,1
304,شبهة السطل,1
305,تستاهلي كلبتي,1
306,نعراص تاعك,1
307,يخي خرية,1
308,وتزيد تكذب,1
309,عروس الزيڨوات,1
310,بالعي فمك,1
311,غير متربية,1
312,ماتاطولهاش قيمة,1
313,وجهك عڨبة,1
314,الله يذلك,2
315,متكذبيش يالكذابة,1
316,افضحي النقوشه,1
317,وجهك كي,1
318,نتي خرا,1
319,لجبري لتحلاب,1
320,انعدين باباك,1
321,انتي شيطانا,1
322,ياخي طالوشة,1
323,واش تحلبتي,1
324,سوق لخماج,1
325,علاه تكذب,1
326,ياوجه كاويتشو,1
327,انتي 0,1
328,جهناما تكلك,1
329,روحي ادوري,1
330,وجها مطلص,1
331,وجه البخس,1
332,جرانا زرزومية,1
333,خرية انت,1
334,انت خرية,1
335,تباني متحولة,1
336,دراهم يماك,1
337,مكبر جبهتك,1
338,ياخي مزعوقة,1
339,ضعف شخصية,1
340,ياخي جايحة,1
341,ماشي مربية,1
342,سيري يالحولة,1
343,والله ماتحشمي,1
344,وجه الشر,1
345,وجه الميزيرية,1
346,سوكتي اسوكلي,1
347,ماشي مربيا,1
348,كيلو ماكياج,1
349,وجه مقلى,1
350,واش دخلك,1
351,ترقصي مليح,1
352,الله يلعن,1
353,دايرة مسيحية,1
354,الله يدلك,1
355,خلاصت حكايتك,1
356,تفوه عليك,1
357,امنتوها كذابة,1
358,جبهتك صافا,1
359,تفو عليك,1
360,كبيرة جايحة,1
361,هاني نريڨ,1
362,شحال تكذبي,1
363,فيحا خمجا,1
364,تفو عليكم,1
365,روحي تع,1
366,شحال متعجبينيس,1
367,شحال متعجبينيش,1
368,روح تعطيه,1
369,وجه نمي,1
370,كبير تكذب,1
371,كلي خرى,1
372,روحي ت,1
373,مستوى 00,1
374,تعيي مكروهة,1
375,الى المزبلة,1
376,تستهلي كتر,1
377,الخوف يهدر,1
378,ختفو عليك,1
379,كذابة ثاني,1
380,بلاد القاف,1
381,تبقاي رخيسة,1
382,يحبو نيكو معليش,1
383,يحق راص تاعك,1
384,سو تاع امك,1
385,حكام العسكر الخبيث,1
386,كذابة على الشعب,1
387,فاقو احكيها لبيبيط,1
388,راهم فاقو طز,1
389,متحشميش وجهك صحيح,1
390,بودماغ شوشا تاعك,1
391,لا نحتاج امثالكي,1
392,كاين المرخس بزاف,1
393,الجبهة تاعك ختيتو,1
394,اتفه مخلوقات الجزاير,1
395,اضربو يعرف مضربو,1
396,اعطيلهم ونحيلهم الكبت,1
397,وتزوجها مسكينة بارت,1
398,طز فى وجهك,1
399,برتي برابي نشاله,1
400,متستاهلش الرد اصلا,1
401,ياودي انت هيشة,1
402,نحي اعلينا لخمج,1
403,واش يا المكبوتة ,1
404,خلينا من القح,1
405,التبهدايل كامل عندها,1
406,ما ممربياش طفلة,1
407,وشبيه هذي تخلط,1
408,بقداه تبات الليلة,1
409,ڨالتها جبهتك جبرية,1
410,الجزايري نقش كبير,1
411,دير كلو مكيج,1
412,القصاص يطبق عليك,1
413,انسانة مهيش متربية,1
414,الله لا تربحك,1
415,قادري روحك يالالا,1
416,20 دورو مصدي,1
417,حلبوها ولات تكبر,1
418,نحكمها نفعل فيها,1
419,نتيا نسيتي روحك,1
420,تفو خماج وشكرا,1
421,خامجة خماج تفواا,1
422,يا خي مهرجهة,1
423,حشا خلق ربي,1
424,الزبلة درتولها الشان,1
425,روحي تخري بعيد,1
426,جبهة التحرير الوطني,1
427,وحد منهم نتيا,1
428,قبح الله وجهك,1
429,فمك جبهتك قدقد,1
430,امشي اتحجبي وترباي,1
431,نحملهاش هاذ المخلوقة,1
432,جبهة كي سرالها,1
433,لازم توزني كلامك,1
434,نتي واش دخلك,1
435,ادي جبهتك وحكايتك,1
436,ربي يهديك ياموسطاشة,1
437,ترباي نتيا برك,1
438,بهدلتينا يا طلابة,1
439,لقصاص نطبقو عليك,1
440,شكون لي رخيسا,1
441,ونتي فرحانة بروحك,1
442,نتيا مرة نتي,1
443,مزالك عايشة الجبهة,1
444,وعذاب القبر نسيتيه,1
445,وجهك صحيح تهدري,1
446,غول مشي مربيا,1
447,كافيا تاع الصح,1
448,روحي انصحي روحك,1
449,انتي ماشي مسلمة,1
450,المغتصب خصو الاعدام,1
451,مريضة نفسيا مسكينة,1
452,نت وحادة مهبول,1
453,بلعي فمك وحشمي,1
454,نتي هيا امريدا,1
455,قيو الزلط واعر,1
456,بركاي بلاكدب اف,1
457,الله لاتربحك نشالله,1
458,مانسحقوش لي يربينا,1
459,ادي حكايتك بعيد,1
460,خريه مهما بررتي,1
461,روحي تلعبي بعيد,1
462,امشي تخراي بعيد,1
463,الجزاير مرحاض فرنسا,1
464,تفوه وجه الشر,1
465,في سلة المهملات,1
466,شكون الطحانين لعرضوها,1
467,قييو راهم فاقو,1
468,تروحي ماشي خير,1
469,شكون هاد جرانة,1
470,تجمعي وماكيش حاشمة,1
471,اعقاقي طلعي القلب,1
472,انتي انسانة مكروها,1
473,اهدري بالعربية يالبدوية,1
474,عندها جبهة التحرير,1
475,ترخف انت وهي,1
476,جبهتك والكل يضحك,1
477,من هذا البوكمون,1
478,بوجبهة مكاموفليا بالشعر,1
479,تكذبي وبزاف تاني,1
480,جبريا كافيا تبقاي كافيا,1
481,بف زيڨو راه يهدار,1
482,وجهك صحيح يا المخلوعة,1
483,ماعندك ماتحكي عفناك تفو,1
484,اشحال منحبهاش هاذ المعزة,1
485,الوقاحة في ابشع صورها,1
486,قولي والله يخي يخي,1
487,مليح القزول يا محاينك,1
488,ياو قيو فاقو بيك,1
489,ياو خلاست عليك مال,1
490,روحي يا وجاه زاك,1
491,همعليش وكيلك ربي برك,1
492,شحال تكذب وجها صحيح,1
493,نتي من بكري فايحة,1
494,يو تكدب وتزيد تكدب,1
495,وجه الطاجين مازالت تبان,1
496,حالة الجيعان كي يشبع,1
497,ربي اذلك مزالكي تكذبي,1
498,كذابه رقعي القعره كبيره,1
499,ما تحشميش على روحك,1
500,اشكون الجزانة هادي خوتي,1
501,لا تجعلوا الحمقى مشاهير,1
502,احذر منها اصلها يهودية,1
503,بينا ملقيتش ليكسرك الترما,1
504,الصح يحرحر يا بوسروال,1
505,هدي واش حاسبة روحها,1
506,روحي تزوجي وحد بايرا,1
507,هذه المسخوطة مريضة نفسيا,1
508,استري روحك يا جايحة,1
509,هذي شحال عندها ماحففتش,1
510,والله ما يوڨفلي عليك,1
511,جبهتها قداه تحسب تيمومة,1
512,خستتني درجة نتاع سكالي,1
513,فرطاسة ولا تعرف تقصف,1
514,روح يبغلة كيشغل انسان,1
515,عيدارية يا بنت الحركي,1
516,روحي سايي زهرك بعيد,1
517,كي نلصڨك نطير عليك,1
518,مكيش مربيا تزوخي بدراهمك,1
519,هادي ديجا مشي بنادم,1
520,وش حاطا روحك باخصة,1
521,واش راكي حسبا روحك,1
522,هذي مالقاتش لي يلوحهولها,1
523,روحي تلعبي اوجه الطواليت,1
524,رخيسا مكيش بنة دزاير,1
525,اعطوك اكثر من حجمك,1
526,التاريخ مايرحمش ماعندك ماتبرري,1
527,روحي تخراي معليش كذابة,1
528,او هي نسات روحها,1
529,كلمة حيوانات شويا صعيبة,1
530,هاد وجه يريق عليه,1
531,وجهك روشي صحيح تفو,1
532,جبهة زطل كيلو ورطل,1
533,علاه انتي راكي مسلم,1
534,مسكين راح تروح للحبس,1
535,حلابين الله غالب متفهموش,1
536,فمك كثر من جبهتك,1
537,نتي هيا كيف كيف,1
538,تبهدلي ياوحد الحلوفة الكافرة,1
539,هنا شحال غشيتك بزاف,1
540,ريحا تعدم الشعب الجزايري,1
541,علاه تهدر هك تعي,1
542,عندها الحق شعب جايح,1
543,روحي ترقدي على روحك,1
544,سمحيلي بصح قمح مشرك,1
545,الكحل ديرة حتى الوذنه,1
546,واش حسبة روحك ويلا,1
547,هدري نيشان يا العڨونى,1
548,جبهت تحرير اعطيناكي عهدا,1
549,شحال نكرهها تشبه للحلوف,1
550,كنت نحبك بصح كرهت,1
551,نتي شكون يشوف فيك,1
552,مالكي تعوجي في فمك,1
553,مازال الريوق اسيلو من,1
554,لابسة صليب في صدرك,1
555,باينة كانت جيعانة وشبعت,1
556,غباء مزمن مرض العصر,1
557,دبري حرفا خيرلك كرهتك,1
558,مونيا ڨاع منحبوكش صح,1
559,قيو اوهوه فاقو بيك,1
560,تكذبي خلاص مات الحوت,1
561,اخ تفوه لوجه الصحيح,1
562,اف انتي امراى تافها,1
563,الخرية هادي راح تفر,1
564,وشكون لسامع بيك مبعرة,1
565,تباني غير تاع بيبة,1
566,راكم صامطين جماعة 16,1
567,عندك راس تاع دواب,1
568,تفو وجهك صحيح متحشميش,1
569,شيطان في صورة انسان,1
570,امشي قلبي وجهك برك,1
571,وجهك صحيح يا متعجرفة,1
572,مازالكي دوري انا كرهتك,1
573,خرية ناطقة حاشا الناس,1
574,جبهتك وسركاجي كيف كيف,1
575,واش خامج في هضرتها,1
576,تعوج فمها يخي خمبلوشة,1
577,الغباء لو كان انسانا,1
578,لحم رخيس حلبات براني,1
579,ربي روحك مسحقينالكش تربينا,1
580,اعطيني وجهك نكذب بيه,1
581,واشكون انت يا حلوف,1
