,bad_word,frequency
0,مهبول,1
1,جايح,8
2,زبل,3
3,خرية,3
4,الله يلعنك,2
5,بلع فمك,2
6,متخلف,1
7,بغل,8
8,مسطاشة,1
9,حمارة,3
10,عطايا,1
11,حيوان,3
12,وي السلعة,1
13,نقتلك,7
14,تافه,2
15,قود,8
16,رخيس,9
17,حمار,11
18,تفو,3
19,عاقر,1
20,بلعه,1
21,مال ربك,1
22,سمينة,1
23,خرا,3
24,نيك امك,2
25,نيك مك,3
26,قهوي,2
27,يا الكعبة,1
28,كعبة,2
29,كافي,4
30,هايشة,2
31,ساقطة,1
32,معفون,1
33,يا الزح,1
34,متعرف والوا,1
35,معقد,1
36,كلب,6
37,بغلة,2
38,خماج,5
39,خامج,3
40,ينعل والديك,2
41,موسخ,3
42,رخيص,1
43,قحبة,9
44,حابس,4
45,نحيلك سروال,1
46,نيك اختك,1
47,زبي,2
48,اخرجلي طابي,1
49,شماتة,2
50,ڨليط,2
51,بلعيه,1
52,نت متفهمش,1
53,نحرقك,3
54,مقطعة,2
55,جايحة,2
56,قودي,2
57,ليك غير القمع,1
58,خامجة,4
59,انت دير هادي,1
60,طحان,2
61,فرخ,4
62,مشحاح,1
63,نقش,5
64,قحابجي,1
65,فايحة,2
66,عطاي,6
67,بومبا,1
68,بلع,1
69,يا ولد القحبة,1
70,بهلول,4
71,منغولي,1
72,ديوث,2
73,كلبة,2
74,ايكستارن حقير,1
75,قليط,4
76,نقطعك,2
77,نذبحك,3
78,ينعل بوك,1
79,حايرة,1
80,دايرة كيزبي,1
81,نجي نتفاهم معاك,1
82,سوسيالة,2
83,شاهي لاتاي تاعك,1
84,راضي,1
85,غادي نيكك,1
86,كبول,2
87,ترمة,1
88,يا سي زبي,1
89,بوصبع,1
90,مونڨول,1
91,الحبة,1
92,مك,2
93,طويل بلا خصلة,1
94,في سرية تامة,1
95,مجلخ,1
96,مرنكة,1
97,قرد,1
98,نعلدين بوك,1
99,تموت على يدي,1
100,نعدين باباك,1
101,عريضة,1
102,مبعر,1
103,فرويتي,2
104,زواف,1
105,تفاش,1
106,قحب,1
107,نڨعد عليك,1
108,ملقطة,1
109,جبهتك سطاد,1
110,متسواش,1
111,مشي مربية,1
112,بلارج,1
113,سلوم ليشية,1
114,صوصيالة,1
115,نيفو با,1
116,شكامة,1
117,نفركعك,1
118,بوهالي,1
119,شينة,1
120,ولد القحبة,1
121,شكام,1
122,حلاب,1
123,درجتيني,1
124,نع دين نهارك,1
125,نعدين بوك,1
126,نيك ربك,1
127,نيكك,1
128,كرفة,2
129,عميق,2
130,عڨون,1
131,خانز,3
132,نقلعلك يماك,1
133,نفضحك,1
134,متشبه لوالو,1
135,ڨملة,1
136,تحشم,1
137,عريانة,1
138,لعور,1
139,عورة,2
140,غبي,1
141,البايرة,1
142,وجه الطاوة,1
143,وجهك كي الخر,1
144,تخورجي معايا,1
145,مسمومة,1
146,نيك سوة تاع مك,1
147,عليتيني,1
148,تدرج,1
149,تمنييك,1
150,فمك جلغة,1
151,يالمليح,1
152,العبلي بيه,1
153,مريول,1
154,معجون,1
155,شكم,1
156,بهيمة,1
157,ما تسواش,1
158,ينعل دينك,1
159,ينعل دين امك,1
160,ينعل دين ابوك,1
161,كافيا,1
162,ماشي شباب,1
163,حاجة فيك ماهي شابة,1
164,بايرة,2
165,العاقرة,1
166,عاهرة,2
167,عروبي,1
168,مشي ولد البلاد,1
169,ينعل طاسيلة تاعك,1
170,تربى,1
171,نكرهك,1
172,درجة,1
173,يعل,1
174,حرايمي,1
175,راس الدلاع,1
176,اعطينا نيكو,1
177,نكففلك,1
178,كز,1
179,ثكلتك امك,1
180,ولد القاف,1
181,ختك,1
182,حثالة,1
183,معوق,1
184,وي السلعا,1
185,نلحسهالك,1
186,ذري,1
187,106,2
188,نفركتلك الدار,1
189,نحكمك نهردك,1
190,قواد,1
191,تعلي,1
192,منحرف,1
193,بز,1
194,وليد الحرام,1
195,رباني,1
196,واش هاذ الماتريال,1
197,نيكلك يماك,1
198,ارواح نتقابضو,1
199,ن م,1
200,صامط,1
201,بينازة,1
202,عطيني نيميروك,1
203,طلابة,2
204,متشرد,1
205,صوصيالا,1
206,قاع كي داير نت,1
207,رهج,1
208,دنفة,1
209,نكتلك,1
210,حلوف,1
211,بابا عجينة,1
212,حتشون,1
213,قديم,1
214,صايي بزاف,1
215,عور,1
216,زيرو,1
217,مبلع,1
218,بف,1
219,صليب,1
220,اتربي,1
221,كلاب,1
222,رخيسة,1
223,ممسوخة,1
224,طوبا,1
225,فاسدة,1
226,متحشميش,1
227,جبهتك,1
228,بلعي,1
229,متخلفة,1
230,خر,1
231,مرخس,1
232,قاعك,1
233,فاسقة,1
234,حاشاك,1
235,حالوفة,1
236,كسبي,1
237,ياشيات,1
238,خانزة,1
239,خري,1
240,حمقاء,1
241,بيتش,1
242,تفوه,1
243,اعق,1
244,ترخفي,1
245,تكذبي,2
246,روحي,1
247,كذابة,2
248,خشتفو,1
249,لابوبال,1
250,كذبة,1
251,الخنز,1
252,فاقو,1
253,تنفخيهم,1
254,السناطح,1
255,تعيي,1
256,ميكروب,1
257,شمطاء,1
258,ماتحشميش,1
259,تفوو,1
260,ختفو,1
261,الشعر,1
262,تفوا,1
263,ترخف,1
264,باعو,1
265,الشيتة,1
266,شيتة,1
267,مبعرة,1
268,تبهديلي,1
269,معتوهة,1
270,رخيسا,1
271,نكم,1
272,شادي,1
273,فايحا,1
274,فاجرة,1
275,يشويدي,1
276,سوكتي اسوكلي,1
277,وجه مقلى,1
278,صليب صليب,1
279,ترقصي مليح,1
280,قبيحة شيطانة,1
281,عقرب,1
282,دايرة مسيحية,1
283,الله يلعن,1
284,واش دخلك,1
285,كيلو ماكياج,1
286,وجه الميزيرية,1
287,وجه الشر,1
288,والله ماتحشمي,1
289,سيري يالحولة,1
290,مونيا حمر,1
291,ماشي مربية,1
292,ياخي جايحة,1
293,ضعف شخصية,1
294,ياخي مزعوقة,1
295,مكبر جبهتك,1
296,دراهم يماك,1
297,تفوه عليك,1
298,تباني متحولة,1
299,انت خرية,1
300,خرية اتت,1
301,جرانا زرزومية,1
302,وجه البخس,1
303,رنكي,1
304,الله يدلك,1
305,خلاصت حكايتك,1
306,شحال تكذبي,1
307,امنتوها كذابة,1
308,بلاد القاف,1
309,تبقاي رخيسة,1
310,نعناعة التافهة,1
311,مستوى 00,1
312,تستهلي كتر,1
313,تعيي مكروهة,1
314,الى المزبلة,1
315,ريوڨ ريوڨ,1
316,الخوف يهدر,1
317,ختفو عليك,1
318,كذابة ثاني,1
319,كلي خرى,1
320,روحي ت,1
321,وجه نمي,1
322,روح تعطيه,1
323,شحال متعجبينيش,1
324,شحال متعجبينيس,1
325,روحي تع,1
326,تفو عليكم,1
327,فيحا خمجا,1
328,كبير وتكذب,1
329,قيو,1
330,هاني نريڨ,1
331,كبيرة وجايحة,1
332,تفو عليك,1
333,جبهتك صافا,1
334,الله يذلك,2
335,ماشي مربيا,1
336,روحي ادوري,1
337,نتي خرا,1
338,مزلك تكذبي,1
339,كذابة وبلعاطة,1
340,نعناعة مكبوتا,1
341,وجها مطلص,1
342,تفوه رخيسة,1
343,تکذبي,1
344,ياو فاقو,1
345,ياو قيو,1
346,باه يترباو,1
347,عيب عليك,1
348,وجه صحيح,1
349,وقحة ساقطة,1
350,دايرة كي,1
351,نحتشون يماك,1
352,سوتك الخامجة,1
353,يعطيهالك نشاله,1
354,خامجة وفرات,1
355,باختصار رخيصة,1
356,نقصة تريية,1
357,شبهة السطل,1
358,جهناما تكلك,1
359,نعراص تاعك,1
360,يا سوسيال,1
361,انتي 0,1
362,ياوجه كاويتشو,1
363,علاه تكذب,1
364,سوق لخماج,1
365,ترباي,1
366,واش تحلبتي,1
367,ياخي طالوشة,1
368,انتي شيطانا,1
369,انعدين باباك,1
370,لجبري لتحلاب,1
371,تستاهلي كلبتي,1
372,وجهك كي,1
373,افضحي النقوشه,1
374,متكذبيش يالكذابة,1
375,المغتصب خصو الاعدام,1
376,انتي ماشي مسلمة,1
377,روحي انصحي روحك,1
378,كافيا تاع الصح,1
379,غول مشي مربيا,1
380,وجهك صحيح تهدري,1
381,وعذاب القبر نسيتيه,1
382,نتيا مرة نتي,1
383,ونتي فرحانة بروحك,1
384,شكون لي رخيسا,1
385,مريضة نفسيا مسكينة,1
386,لقصاص نطبقو عليك,1
387,ترباي نتيا برك,1
388,ربي يهديك ياموسطاشة,1
389,ادي جبهتك وحكايتك,1
390,نتي واش دخلك,1
391,لازم توزني كلامك,1
392,بالعي فمك,1
393,جبهة كي سرالها,1
394,نحملهاش هاذ المخلوقة,1
395,بلعي فمك وحشمي,1
396,امشي اتحجبي وترباي,1
397,فمك جبهتك قدقد,1
398,قبح الله وجهك,1
399,وحد منهم نتيا,1
400,بهدلتينا يا طلابة,1
401,نت وحادة مهبول,1
402,مانسحقوش لي يربينا,1
403,نتي هيا امريدا,1
404,شكون هاد جرانة,1
405,تجمعي وماكيش حاشمة,1
406,ترخف انت وهي,1
407,انتي انسانة مكروها,1
408,اهدري بالعربية يالبدوية,1
409,عندها جبهة التحرير,1
410,وتزيد تكذب,1
411,من هذا البوكمون,1
412,بوجبهة مكاموفليا بالشعر,1
413,تكذبي وبزاف تاني,1
414,جبهتك والكل يضحك,1
415,تروحي ماشي خير,1
416,اعقاقي طلعي القلب,1
417,شكون الطحانين لعرضوها,1
418,روحي تخري بعيد,1
419,في سلة المهملات,1
420,تفوه وجه الشر,1
421,الجزاير مرحاض فرنسا,1
422,قيو الزلط واعر,1
423,الله لاتربحك نشالله,1
424,بركاي بلاكدب اف,1
425,روحي تلعبي بعيد,1
426,ادي حكايتك بعيد,1
427,خريه مهما بررتي,1
428,قييو راهم فاقو,1
429,امشي تخراي بعيد,1
430,مزالك عايشة الجبهة,1
431,الزبلة درتولها الشان,1
432,نحي اعلينا لخمج,1
433,بودماغ شوشا تاعك,1
434,وتزوجها مسكينة بارت,1
435,ياو فاقو نعناعة,1
436,يخي خرية يخي,1
437,اضربو يعرف مضربو,1
438,اتفه مخلوقات الجزاير,1
439,الجبهة تاعك ختيتو,1
440,كاين المرخس بزاف,1
441,لا نحتاج امثالكي,1
442,متحشميش وجهك صحيح,1
443,طز فى وجهك,1
444,راهم فاقو طز,1
445,فاقو احكيها لبيبيط,1
446,كذابة على الشعب,1
447,حكام العسكر الخبيث,1
448,سو تاع امك,1
449,يحق راص تاعك,1
450,يحبو نيكو معليش,1
451,اعطيلهم ونحيلهم الكبت,1
452,برتي برابي نشاله,1
453,حشا خلق ربي,1
454,ياودي انت هيشة,1
455,يا خي مهرجهة,1
456,خامجة خماج تفواا,1
457,تفو خماج وشكرا,1
458,نتيا نسيتي روحك,1
459,نحكمها نفعل فيها,1
460,حلبوها ولات تكبر,1
461,20 دورو مصدي,1
462,انت حاشاك والسلام,1
463,قادري روحك يالالا,1
464,الله لا تربحك,1
465,عروس الزيڨوات,1
466,انسانة مهيش متربية,1
467,القصاص يطبق عليك,1
468,دير كلو مكيج,1
469,الجزايري نقش كبير,1
470,ڨالتها جبهتك جبرية,1
471,بقداه تبات الليلة,1
472,وشبيه هذي تخلط,1
473,ما ممربياش طفلة,1
474,التبهدايل كامل عندها,1
475,منيا غير متربية,1
476,متستاهلش الرد اصلا,1
477,خلينا من القح,1
478,كنت نحبك بصح كرهت,1
479,شحال نكرهها تشبه للحلوف,1
480,حبهت تحرير اعطيناكي عهدا,1
481,هدري نيشان يا العڨونى,1
482,واش حسبة روحك ويلا,1
483,الكحل ديرة حتى الوذنه,1
484,سمحيلي بصح قمح مشرك,1
485,روحي ترقدي على روحك,1
486,عندها الحق شعب جايح,1
487,علاه تهدر هك تعي,1
488,مالكي تعوجي في فمك,1
489,ريحا تعدم الشعب الجزايري,1
490,تبهدلي ياوحد الحلوفة الكافرة,1
491,نتي هيا كيف كيف,1
492,فمك كثر من جبهتك,1
493,حلابين الله غالب متفهموش,1
494,مسكين راح تروح للحبس,1
495,علاه انتي راكي مسلم,1
496,جبهة زطل كيلو ورطل,1
497,وجهك روشي صحيح تفو,1
498,هاد وجه يريق عليه,1
499,كلمة حيوانات شويا صعيبة,1
500,او هي نسات روحها,1
501,هنا شحال غشيتك بزاف,1
502,لابسة صليب في صدرك,1
503,عندك راس تاع دواب,1
504,باينة كانت جيعانة وشبعت,1
505,ربي روحك مسحقينالكش تربينا,1
506,لحم رخيس حلبات براني,1
507,الغباء لو كان انسانا,1
508,تعوج فمها يخي خمبلوشة,1
509,واشكون انت يا حلوف,1
510,واش خامج في هضرتها,1
511,جبهتك وسركاجي كيف كيف,1
512,خرية ناطقة حاشا الناس,1
513,مازالكي دوري انا كرهتك,1
514,وجهك صحيح يا متعجرفة,1
515,امشي قلبي وجهك برك,1
516,شيطان في صورة انسان,1
517,اعطيني وجهك نكذب بيه,1
518,تفو وجهك صحيح متحشميش,1
519,راكم صامطين جماعة 16,1
520,تباني غير تاع بيبة,1
521,وشكون لسامع بيك مبعرة,1
522,الخرية هادي راح تفر,1
523,التاريخ مايرحمش ماعندك ماتبرري,1
524,اف انتي امراى تافها,1
525,اخ تفوه لوجه الصحيح,1
526,تكذبي خلاص مات الحوت,1
527,قيو اوهوه فاقو بيك,1
528,مونيا ڨاع منحبوكش صح,1
529,دبري حرفا خيرلك كرهتك,1
530,غباء مزمن مرض العصر,1
531,روحي تخراي معليش كذابة,1
532,مازال الريوق اسيلو من,1
533,اعطوك اكثر من حجمك,1
534,روحي سايي زهرك بعيد,1
535,يو تكدب وتزيد تكدب,1
536,حالة الجيعان كي يشبع,1
537,جبريا كافيا تبقاي كافيا,1
538,ياو خلاست عليك مال,1
539,ربي اذلك مزالكي تكذبي,1
540,وجه الطاجين,1
541,نتي من بكري فايحة,1
542,شحال تكذب وجها صحيح,1
543,همعليش وكيلك ربي برك,1
544,روحي يا وجاه زاك,1
545,ياو قيو فاقو بيك,1
546,كذابه رقعي القعره كبيره,1
547,مليح القزول يا محاينك,1
548,واش يا المكبوتة شوية,1
549,قولي والله يخي يخي,1
550,الوقاحة في ابشع صورها,1
551,اشحال منحبهاش هاذ المعزة,1
552,ماعندك ماتحكي عفناك تفو,1
553,وجهك صحيح يا المخلوعة,1
554,بف زيڨو راه يهدار,1
555,ما تحشميش على روحك,1
556,خستتني درجة نتاع سكالي,1
557,ماتاطولهاش قيمة هاذي مثل,1
558,لا تجعلوا الحمقى مشاهير,1
559,روحي تلعبي اوجه الطواليت,1
560,هذي مالقاتش لي يلوحهولها,1
561,واش راكي حسبا روحك,1
562,وش حاطا روحك باخصة,1
563,هادي ديجا مشي بنادم,1
564,مكيش مربيا تزوخي بدراهمك,1
565,كي نلصڨك نطير عليك,1
566,اشكون الجزانة هادي خوتي,1
567,عيدارية يا بنت الحركي,1
568,روح يبغلة كيشغل انسان,1
569,رخيسا مكيش بنة دزااير,1
570,فرطاسة ولا تعرف تقصف,1
571,جبهتها قداه تحسب تيمومة,1
572,والله ما يوڨفلي عليك,1
573,هذي شحال عندها ماحففتش,1
574,استري روحك يا جايحة,1
575,وجهك عڨبة وانا عيت,1
576,هذه المسخوطة مريضة نفسيا,1
577,ق ح ب ة,1
578,روحي تزوجي وحد بايرا,1
579,هدي واش حاسبة روحها,1
580,الصح يحرحر يا بوسروال,1
581,بينا ملقيتش ليكسرك الترما,1
582,احذرو منها اصلها ياهودية,1
583,احذر منها اصلها يهودية,1
584,نتي شكون يشوف فيك,1
